ID|N_VICTIMAS|FECHA|HORA|TIPO_DE_CALLE|COMUNA|POS_X|POS_Y|VICTIMA|ACUSADO|ES_CRUCE
20160001|1|2016-01-01|04:00:00|AVENIDA|8|-58.47533969|-34.68757022|MOTO|AUTO|1
20160002|1|2016-01-02|01:15:00|GRAL PAZ|9|-58.50877521|-34.66977709|AUTO|PASAJEROS|1
20160003|1|2016-01-03|07:00:00|AVENIDA|1|-58.39040293|-34.63189362|MOTO|AUTO|0
20160004|1|2016-01-10|00:00:00|AVENIDA|8|-58.46503904|-34.68092974|MOTO|SD|1
20160005|1|2016-01-21|05:20:00|AVENIDA|1|-58.38718297|-34.6224663|MOTO|PASAJEROS|1
20160008|1|2016-01-24|18:30:00|AVENIDA|8|-58.44451316|-34.68475866|MOTO|OBJETO FIJO|1
20160009|1|2016-01-24|19:10:00|CALLE|11|-58.50095869|-34.6082544|MOTO|AUTO|1
20160010|1|2016-01-29|15:20:00|GRAL PAZ|9|-58.50877521|-34.66977709|MOTO|AUTO|1
20160012|1|2016-02-08|01:20:00|AVENIDA|1|-58.38048577|-34.61303893|MOTO|CARGAS|1
20160013|1|2016-02-10|11:30:00|AVENIDA|1|-58.39114932|-34.62477387|PEATON|AUTO|0
20160015|1|2016-02-14|05:14:00|AVENIDA|15|-58.4376002|-34.59912758|PEATON|AUTO|1
20160016|1|2016-02-14|22:00:00|AVENIDA|4|-58.36882665|-34.64291993|MOTO|AUTO|1
20160017|1|2016-02-15|16:54:00|AVENIDA|8|-58.44989671|-34.65970435|PEATON|MOTO|1
20160019|1|2016-02-17|09:30:00|CALLE|9|-58.50990884|-34.65468721|PEATON|PASAJEROS|1
20160020|1|2016-02-17|16:00:00|CALLE|1|-58.37952223|-34.60653282|PEATON|AUTO|0
20160021|1|2016-02-17|23:35:00|AVENIDA|7|-58.45157703|-34.63063795|AUTO|AUTO|1
20160022|1|2016-02-21|06:00:00|AVENIDA|1|-58.38144696|-34.61079875|MOTO|AUTO|1
20160025|1|2016-02-28|04:50:00|GRAL PAZ|8|-58.46244952|-34.70524971|AUTO|AUTO|1
20160026|1|2016-02-28|07:30:00|CALLE|12|-58.49216191|-34.54738649|AUTO|OBJETO FIJO|1
20160027|1|2016-02-28|09:35:00|AVENIDA|7|-58.44497874|-34.63852623|AUTO|AUTO|1
20160028|1|2016-03-02|10:00:00|AVENIDA|1|-58.38199706|-34.60028648|PEATON|CARGAS|1
20160029|1|2016-03-04|17:30:00|AVENIDA|12|-58.47378664|-34.54153077|PEATON|PASAJEROS|1
20160031|1|2016-03-08|12:30:00|GRAL PAZ|8|-58.47064556|-34.69843756|MOTO|PASAJEROS|1
20160034|1|2016-03-12|12:30:00|AVENIDA|4|-58.40623949|-34.65076549|PEATON|PASAJEROS|1
20160035|1|2016-03-13|06:00:00|AVENIDA|3|-58.39228965|-34.60443527|MOTO|PASAJEROS|1
20160036|1|2016-03-14|00:15:00|CALLE|4|-58.37813396|-34.63668504|MOTO|PASAJEROS|1
20160037|1|2016-03-19|11:00:00|AVENIDA|7|-58.46275892|-34.64358293|MOTO|MOTO|1
20160038|1|2016-03-21|08:06:00|GRAL PAZ|8|-58.49683458|-34.67892743|PEATON|PASAJEROS|1
20160039|1|2016-03-23|01:50:00|AVENIDA|3|-58.40603217|-34.6088396|MOTO|PASAJEROS|1
20160041|2|2016-03-29|11:00:00|AVENIDA|7|-58.4607655|-34.63350444|MOTO|CARGAS|1
20160043|1|2016-03-30|18:15:00|AVENIDA|8|-58.47832463|-34.67494416|PEATON|CARGAS|1
20160044|1|2016-03-31|19:40:00|AVENIDA|7|-58.43213235|-34.63693953|MOTO|MULTIPLE|1
20160045|1|2016-04-11|10:25:00|GRAL PAZ|13|-58.46743471|-34.53476874|MOTO|SD|1
20160047|1|2016-04-15|05:30:00|CALLE|1|-58.38247061|-34.62571878|PEATON|PASAJEROS|0
20160048|1|2016-04-15|17:40:00|AVENIDA|15|-58.44759966|-34.5917024|PEATON|PASAJEROS|1
20160049|1|2016-04-17|00:00:00|AUTOPISTA|4|-58.37714647568196|-34.63657525428238|SD|SD|0
20160050|1|2016-04-19|09:50:00|AVENIDA|8|-58.47305463|-34.68550712|PEATON|PASAJEROS|1
20160051|1|2016-04-20|04:00:00|AVENIDA|4|-58.40623949|-34.65076549|MOTO|CARGAS|1
20160053|1|2016-04-22|09:30:00|AVENIDA|12|-58.4842918|-34.57558053|PEATON|PASAJEROS|1
20160054|1|2016-04-23|21:00:00|AUTOPISTA|8|-58.48695354|-34.68795245|MOTO|MOTO|1
20160055|1|2016-04-25|20:30:00|AVENIDA|14|-58.40021959|-34.57964781|PEATON|CARGAS|1
20160056|1|2016-04-26|04:45:00|AVENIDA|14|-58.42957885|-34.57660058|MOTO|OBJETO FIJO|0
20160058|1|2016-05-04|14:00:00|CALLE|1|-58.38247542|-34.62556293|PEATON|MOTO|0
20160059|1|2016-05-08|16:30:00|CALLE|1|-58.38222219|-34.62728101|PEATON|PASAJEROS|1
20160064|1|2016-05-14|18:11:00|AVENIDA|10|-58.49485242|-34.62953445|PEATON|PASAJEROS|1
20160065|1|2016-05-20|14:40:00|AVENIDA|6|-58.45227946|-34.61068024|PEATON|AUTO|1
20160067|1|2016-05-21|17:00:00|AVENIDA|8|-58.48455411|-34.6751276|MOTO|PASAJEROS|1
20160068|1|2016-05-22|22:00:00|AVENIDA|2|-58.39056593|-34.58418569|MOTO|PASAJEROS|1
20160069|1|2016-05-23|03:30:00|AVENIDA|3|-58.39118948|-34.62704273|AUTO|CARGAS|1
20160073|1|2016-06-11|15:00:00|CALLE|10|-58.49021952|-34.62025108|MOTO|CARGAS|0
20160074|1|2016-06-12|06:40:00|GRAL PAZ|8|-58.49896559|-34.67732118|AUTO|AUTO|1
20160075|1|2016-06-12|23:13:00|AUTOPISTA|8|-58.47461076|-34.66874679|PEATON|AUTO|1
20160076|1|2016-06-13|16:20:00|AVENIDA|15|-58.46210891|-34.60356211|PEATON|PASAJEROS|1
20160077|1|2016-06-13|21:52:00|AVENIDA|1|-58.3702777|-34.60536123|PEATON|PASAJEROS|1
20160078|1|2016-06-13|23:01:00|AVENIDA|3|-58.40491455|-34.6146383|MOTO|MOTO|1
20160079|1|2016-06-16|17:13:00|AVENIDA|13|-58.45504154|-34.54864492|AUTO|AUTO|1
20160080|1|2016-06-18|06:42:00|GRAL PAZ|9|-58.52927982|-34.63931752|AUTO|SD|1
20160081|1|2016-06-22|07:42:00|AVENIDA|12|-58.4872106|-34.55904606|MOTO|AUTO|1
20160082|1|2016-06-27|18:24:00|AVENIDA|4|-58.42273092|-34.64228803|PEATON|AUTO|0
20160083|1|2016-06-28|20:46:00|AVENIDA|6|-58.44788671|-34.62539009|PEATON|MOTO|1
20160084|1|2016-06-29|22:00:00|CALLE|1|-58.38110563|-34.60135531|PEATON|PASAJEROS|1
20160085|1|2016-06-29|22:00:00|AVENIDA|4|-58.42378834|-34.657341|MOTO|OTRO|1
20160086|1|2016-06-30|16:10:00|AVENIDA|10|-58.48727942|-34.63652467|PEATON|PASAJEROS|1
20160087|1|2016-07-02|00:10:00|AUTOPISTA|1|-58.37864583|-34.62907067|MOTO|OBJETO FIJO|0
20160088|1|2016-07-11|15:30:00|CALLE|12|-58.5015175|-34.56767549|PEATON|AUTO|1
20160089|1|2016-07-14|06:40:00|AUTOPISTA|13|-58.43233425|-34.55185825|PEATON|AUTO|1
20160090|1|2016-07-14|22:00:00|AVENIDA|5|-58.41971993|-34.6111224|PEATON|PASAJEROS|1
20160092|1|2016-07-15|11:00:00|GRAL PAZ|13|-58.46743471|-34.53476874|MOTO|CARGAS|1
20160093|1|2016-07-17|03:30:00|AVENIDA|6|-58.44362126|-34.62301748|AUTO|AUTO|1
20160095|1|2016-07-23|06:12:00|AVENIDA|11|-58.51713095|-34.59546519|MOTO|AUTO|1
20160096|1|2016-07-25|07:00:00|AUTOPISTA|8|-58.47433193007387|-34.66684950051973|MOTO|CARGAS|0
20160097|1|2016-07-26|18:45:00|CALLE|1|-58.39038605|-34.6156281|PEATON|AUTO|1
20160098|1|2016-07-27|16:08:00|AVENIDA|3|-58.40042405|-34.62356174|MOTO|CARGAS|1
20160099|1|2016-07-29|16:00:00|GRAL PAZ|11|-58.52340614|-34.59798754|CARGAS|CARGAS|1
20160100|1|2016-08-03|23:27:00|GRAL PAZ|12|-58.49491054|-34.54795581|MOTO|OBJETO FIJO|1
20160101|1|2016-08-07|19:42:00|GRAL PAZ|9|-58.52932872|-34.65014993|SD|SD|1
20160102|1|2016-08-10|23:37:00|AVENIDA|9|-58.50011639|-34.67316502|MOTO|CARGAS|1
20160104|1|2016-08-14|21:15:00|AVENIDA|9|-58.46635001|-34.65624369|MOTO|PASAJEROS|1
20160105|1|2016-08-17|00:05:00|AVENIDA|15|-58.45343236|-34.58435809|PEATON|PASAJEROS|1
20160106|1|2016-08-19|21:02:00|AVENIDA|1|-58.38090932|-34.58927731|PEATON|PASAJEROS|1
20160107|1|2016-08-20|08:22:00|AUTOPISTA|4|-58.37157668|-34.65429986|MOTO|AUTO|0
20160109|1|2016-08-24|05:45:00|AUTOPISTA|9|-58.52280139|-34.63659934|AUTO|OBJETO FIJO|1
20160110|1|2016-08-24|20:21:00|AVENIDA|9|-58.51232237|-34.6590353|PEATON|SD|1
20160111|1|2016-08-25|09:30:00|AUTOPISTA|15|-58.47461905|-34.57663634|MOTO|CARGAS|1
20160112|1|2016-08-27|04:40:00|AUTOPISTA|1|-58.38268809|-34.62282019|MOTO|OBJETO FIJO|1
20160113|1|2016-08-27|16:45:00|AVENIDA|9|-58.49603546|-34.64564271|PEATON|PASAJEROS|1
20160114|1|2016-08-31|11:20:00|CALLE|14|-58.41848605|-34.59394733|BICICLETA|CARGAS|0
20160115|1|2016-09-02|11:50:00|CALLE|12|-58.48935041|-34.54917673|SD|CARGAS|1
20160116|1|2016-09-02|20:20:00|AVENIDA|8|-58.44451316|-34.68475866|MOTO|AUTO|1
20160117|1|2016-09-03|15:30:00|AVENIDA|14|-58.39936478|-34.58271474|AUTO|AUTO|1
20160118|1|2016-09-04|03:30:00|AUTOPISTA|1|-58.37936704|-34.62694503|AUTO|AUTO|0
20160119|1|2016-09-04|06:40:00|AVENIDA|12|-58.49659234|-34.56353635|SD|SD|1
20160122|1|2016-09-13|07:10:00|AVENIDA|9|-58.47256391|-34.65194557|BICICLETA|PASAJEROS|0
20160123|1|2016-09-14|09:00:00|AVENIDA|7|-58.45130953|-34.64053676|MOTO|AUTO|1
20160124|1|2016-09-16|15:24:00|AVENIDA|7|-58.46271207|-34.62884871|PEATON|PASAJEROS|1
20160125|1|2016-09-17|12:14:00|AUTOPISTA|10|-58.49020869|-34.64243791|MOTO|MOTO|1
20160126|2|2016-09-18|22:45:00|CALLE|10|-58.52572109|-34.62125906|AUTO|CARGAS|1
20160127|1|2016-09-24|10:25:00|AVENIDA|8|-58.44094791|-34.66677111|PEATON|PASAJEROS|1
20160128|1|2016-10-02|11:30:00|AVENIDA|5|-58.41914024|-34.6305389|PEATON|PASAJEROS|1
20160130|1|2016-10-04|12:30:00|AUTOPISTA|1|-58.37910942|-34.62764717|MOTO|CARGAS|0
20160131|1|2016-10-09|19:13:00|CALLE|4|-58.39871183|-34.64539318|PEATON|AUTO|0
20160132|1|2016-10-10|02:30:00|AVENIDA|3|-58.41036975|-34.62477021|AUTO|PASAJEROS|1
20160133|1|2016-10-14|00:05:00|AVENIDA|14|-58.40204698|-34.5834269|MOTO|AUTO|1
20160134|1|2016-10-23|05:00:00|AVENIDA|8|-58.48935287|-34.67648597|MOTO|OBJETO FIJO|1
20160135|1|2016-10-24|05:00:00|AVENIDA|14|-58.42260225|-34.56403694|PEATON|SD|1
20160137|1|2016-10-25|00:39:00|AVENIDA|11|-58.51537091|-34.59035925|MOTO|MOTO|1
20160138|1|2016-10-27|20:30:00|AVENIDA|13|-58.4590967|-34.55922742|BICICLETA|CARGAS|1
20160139|1|2016-10-28|23:00:00|AVENIDA|14|-58.42008769|-34.56539579|MOTO|MOTO|1
20160140|1|2016-10-31|02:58:00|AVENIDA|13|-58.45566399|-34.56147293|PASAJEROS|PASAJEROS|1
20160142|1|2016-11-05|23:30:00|AVENIDA|1|-58.37533517|-34.59276462|MOTO|PASAJEROS|1
20160143|1|2016-11-06|04:41:00|AVENIDA|8|-58.44451316|-34.68475866|MOTO|SD|1
20160144|1|2016-11-07|12:10:00|AVENIDA|4|-58.35975012|-34.63343907|PEATON|PASAJEROS|0
20160145|1|2016-11-07|20:56:00|AVENIDA|13|-58.44523595|-34.55953855|MOTO|AUTO|1
20160146|1|2016-11-09|20:00:00|AVENIDA|4|-58.39626094|-34.63036565|PEATON|PASAJEROS|1
20160147|1|2016-11-16|21:15:00|AVENIDA|1|-58.38896772|-34.61799615|MOVIL|PASAJEROS|1
20160148|1|2016-11-16|22:20:00|AVENIDA|15|-58.46536113|-34.59484504|MOTO|MOTO|0
20160150|1|2016-11-18|18:20:00|AVENIDA|4|-58.40879146|-34.65273216|CARGAS|CARGAS|1
20160152|1|2016-11-23|21:10:00|AVENIDA|7|-58.46451841|-34.64991946|MOTO|AUTO|1
20160153|1|2016-11-25|15:42:00|AVENIDA|15|-58.4291709|-34.59485488|PEATON|MOTO|1
20160154|1|2016-11-26|14:14:00|GRAL PAZ|8|-58.49007772|-34.68251141|MOTO|MOTO|0
20160155|1|2016-11-26|16:50:00|CALLE|10|-58.52756365|-34.62772274|PEATON|AUTO|0
20160156|1|2016-11-26|19:40:00|AVENIDA|3|-58.40638983|-34.61943202|MOTO|PASAJEROS|1
20160157|1|2016-12-03|06:40:00|AVENIDA|11|-58.47576807|-34.61740997|MOTO|MOTO|0
20160159|1|2016-12-04|07:21:00|AVENIDA|8|-58.44451316|-34.68475866|AUTO|SD|1
20160160|1|2016-12-06|05:30:00|AUTOPISTA|9|-58.51927194|-34.63635787|CARGAS|OBJETO FIJO|0
20160161|1|2016-12-06|07:22:00|AVENIDA|14|-58.42525456|-34.57866344|PEATON|PASAJEROS|1
20160162|1|2016-12-07|05:00:00|AVENIDA|15|-58.45396573|-34.58518167|PEATON|AUTO|1
20160163|1|2016-12-10|07:30:00|GRAL PAZ|11|-58.52340614|-34.59798754|MOTO|AUTO|1
20160164|1|2016-12-11|06:16:00|AVENIDA|4|-58.42323628|-34.64119105|AUTO|AUTO|1
20160165|1|2016-12-12|08:25:00|AVENIDA|4|-58.36926144|-34.62841919|BICICLETA|PASAJEROS|0
20160168|1|2016-12-13|10:40:00|AVENIDA|4|-58.42323628|-34.64119105|MOTO|AUTO|1
20160169|1|2016-12-15|15:30:00|AVENIDA|12|-58.47935434|-34.55676497|MOTO|PASAJEROS|1
20160170|1|2016-12-19|17:10:00|GRAL PAZ|12|-58.50598256|-34.5637998|MOTO|AUTO|0
20160171|1|2016-12-25|19:00:00|AUTOPISTA|1|-58.36607137|-34.62150748|MOTO|MOTO|1
20160172|1|2016-12-26|08:00:00|AVENIDA|5|-58.41918902|-34.63174259|MOTO|CARGAS|1
20160173|1|2016-12-26|19:52:00|AVENIDA|7|-58.46749188|-34.63551751|MOTO|CARGAS|1
20160175|1|2016-12-27|08:15:00|CALLE|7|-58.46064174|-34.62960517|PEATON|BICICLETA|1
20160176|1|2016-12-28|01:41:00|AVENIDA|1|-58.36956186|-34.61232875|MOTO|PASAJEROS|1
20160177|1|2016-12-29|04:00:00|CALLE|14|-58.40966671|-34.58788235|PEATON|AUTO|0
20160178|1|2016-12-30|16:18:00|CALLE|3|-58.40288226|-34.61544091|PEATON|MULTIPLE|1
20170001|1|2017-01-02|01:00:00|AVENIDA|11|-58.4659423|-34.61028571|MOTO|CARGAS|1
20170003|1|2017-01-05|03:10:00|AVENIDA|4|-58.38957669|-34.64410277|CARGAS|CARGAS|1
20170007|1|2017-01-11|17:00:00|CALLE|1|-58.3816166|-34.61529543|PEATON|MULTIPLE|1
20170008|1|2017-01-16|00:40:00|CALLE|14|-58.43917004|-34.58494351|MOTO|PASAJEROS|1
20170009|1|2017-01-16|13:56:00|AUTOPISTA|5|-58.41595919|-34.62743346|MOTO|CARGAS|0
20170010|1|2017-01-16|16:30:00|AVENIDA|6|-58.4356488|-34.62828656|MOTO|AUTO|1
20170011|1|2017-01-22|02:30:00|GRAL PAZ|12|-58.5007381|-34.5497951|MOTO|OBJETO FIJO|1
20170012|1|2017-01-24|14:00:00|CALLE|4|-58.40969005|-34.6505529|MOTO|CARGAS|1
20170013|1|2017-01-27|07:00:00|AVENIDA|4|-58.38972622|-34.65098981|PEATON|CARGAS|0
20170014|1|2017-01-28|08:27:34|AVENIDA|12|-58.49185972|-34.55046754|MOTO|MULTIPLE|1
20170015|1|2017-02-02|15:18:03|AVENIDA|2|-58.39293417|-34.59963642|PEATON|AUTO|1
20170016|1|2017-02-03|05:12:21|AUTOPISTA|1|-58.38099494|-34.62288231|MOTO|CARGAS|0
20170017|1|2017-02-06|08:00:00|AVENIDA|14|-58.429012|-34.58095431|MOTO|AUTO|1
20170018|1|2017-02-09|07:00:00|GRAL PAZ|9|-58.50877521|-34.66977709|MOTO|AUTO|1
20170021|1|2017-02-18|05:30:00|CALLE|1|-58.38362373|-34.60509972|MOTO|PASAJEROS|1
20170024|1|2017-02-23|20:50:00|AVENIDA|7|-58.46589308|-34.62955795|PEATON|PASAJEROS|0
20170025|1|2017-02-24|17:05:00|AVENIDA|7|-58.43614426|-34.6542464|MOTO|SD|1
20170026|2|2017-02-26|05:15:00|AVENIDA|4|-58.41842777|-34.64979057|AUTO|OBJETO FIJO|1
20170027|1|2017-02-26|21:57:00|AVENIDA|1|-58.38332245|-34.6319325|PEATON|AUTO|0
20170028|1|2017-02-28|09:20:00|AVENIDA|6|-58.45475488|-34.61196327|PEATON|AUTO|1
20170029|1|2017-03-07|02:15:00|CALLE|9|-58.48501341|-34.64742455|SD|AUTO|1
20170030|1|2017-03-07|08:00:00|AVENIDA|9|-58.47010988|-34.65872088|AUTO|PASAJEROS|1
20170031|1|2017-03-11|01:30:00|CALLE|3|-58.4099756|-34.62873635|AUTO|OBJETO FIJO|1
20170032|1|2017-03-12|05:00:00|GRAL PAZ|8|-58.48892175|-34.68359163|AUTO|AUTO|1
20170033|1|2017-03-12|07:30:00|GRAL PAZ|11|-58.52466448|-34.60325478|AUTO|AUTO|1
20170034|1|2017-03-13|07:50:00|CALLE|14|-58.42554218|-34.57929036|PEATON|AUTO|0
20170035|3|2017-03-23|05:00:00|AVENIDA|1|-58.35881506|-34.61113641|AUTO|OBJETO FIJO|1
20170036|2|2017-03-29|18:00:00|GRAL PAZ|12|-58.51452347|-34.58159762|MOTO|PASAJEROS|1
20170037|1|2017-03-31|03:00:00|AVENIDA|1|-58.38896772|-34.61799615|MOTO|CARGAS|1
20170038|1|2017-04-01|19:00:00|AVENIDA|7|-58.44516857|-34.64363363|MOTO|AUTO|1
20170040|1|2017-04-03|09:40:00|AVENIDA|13|-58.43834197|-34.54560369|AUTO|MULTIPLE|0
20170041|1|2017-04-03|23:15:00|CALLE|7|-58.45485084|-34.63531854|MOTO|AUTO|0
20170045|1|2017-04-14|06:15:00|CALLE|10|-58.52449285|-34.62454175|MOTO|OBJETO FIJO|0
20170047|1|2017-04-23|06:30:00|AVENIDA|8|-58.46713742|-34.6719879|MOTO|AUTO|1
20170049|1|2017-04-27|18:16:00|AVENIDA|8|-58.43850413|-34.65554754|PEATON|PASAJEROS|1
20170052|1|2017-05-05|03:40:00|GRAL PAZ|8|-58.49413799|-34.68095739|PEATON|CARGAS|1
20170053|1|2017-05-05|20:16:22|CALLE|4|-58.37547846|-34.65326075|MOTO|CARGAS|1
20170054|1|2017-05-07|21:00:00|AVENIDA|15|-58.48680218|-34.58689719|MOTO|AUTO|1
20170055|1|2017-05-09|08:30:00|AVENIDA|12|-58.49563989|-34.57962262|AUTO|AUTO|0
20170058|1|2017-05-09|23:10:00|AVENIDA|1|-58.38403232|-34.5991594|PEATON|MOTO|1
20170059|1|2017-05-11|09:24:00|CALLE|1|-58.38223382|-34.62693865|PEATON|PASAJEROS|1
20170060|1|2017-05-13|07:20:00|AVENIDA|8|-58.45966521|-34.67323292|MOTO|OBJETO FIJO|1
20170061|1|2017-05-15|13:29:30|AVENIDA|2|-58.39303911|-34.59871111|PEATON|MOTO|1
20170062|1|2017-05-15|16:00:00|AVENIDA|10|-58.51262106|-34.63395999|MOTO|CARGAS|1
20170063|1|2017-05-17|10:13:00|AVENIDA|1|-58.38118367|-34.61646839|PEATON|PASAJEROS|1
20170064|1|2017-05-20|05:00:00|CALLE|1|-58.37653284|-34.60582475|CARGAS|AUTO|1
20170065|1|2017-05-22|16:00:00|AVENIDA|4|-58.37709334|-34.64035082|BICICLETA|CARGAS|1
20170066|1|2017-05-22|18:10:00|AVENIDA|15|-58.46002142|-34.60409469|PEATON|PASAJEROS|1
20170067|1|2017-05-23|02:45:00|AVENIDA|6|-58.4338197|-34.62801894|MOTO|CARGAS|1
20170068|1|2017-05-27|19:50:00|AVENIDA|8|-58.43580656|-34.66437532|MOTO|OBJETO FIJO|0
20170069|1|2017-05-24|14:15:00|GRAL PAZ|9|-58.52173071|-34.65997463|MOTO|SD|1
20170070|1|2017-05-30|13:20:00|CALLE|11|-58.50791763|-34.59804273|PEATON|AUTO|0
20170072|1|2017-06-03|23:20:00|AVENIDA|12|-58.49175088|-34.58226957|AUTO|AUTO|1
20170073|1|2017-06-04|09:00:00|AVENIDA|3|-58.40781467|-34.60425669|MOTO|AUTO|1
20170074|1|2017-06-04|12:50:00|CALLE|9|-58.52567073|-34.63787791|SD|SD|0
20170075|1|2017-06-12|22:38:00|AVENIDA|1|-58.381542|-34.60906385|PEATON|MOTO|1
20170076|1|2017-06-13|14:50:00|AVENIDA|2|-58.38526125|-34.5780581|PEATON|CARGAS|1
20170077|1|2017-06-17|23:45:00|CALLE|14|-58.42934104|-34.58451712|MOTO|CARGAS|0
20170079|1|2017-06-19|16:26:00|CALLE|3|-58.40657493|-34.61781124|MOTO|CARGAS|1
20170080|1|2017-06-22|10:15:00|AVENIDA|9|-58.49525314|-34.64487785|PEATON|CARGAS|1
20170082|1|2017-06-25|22:40:00|AVENIDA|4|-58.39092851|-34.62932696|PEATON|AUTO|1
20170083|1|2017-07-04|00:25:00|AVENIDA|9|-58.49603546|-34.64564271|MOTO|CARGAS|1
20170084|1|2017-07-05|12:49:00|AVENIDA|2|-58.38502878|-34.58703485|PEATON|PASAJEROS|1
20170085|1|2017-07-07|14:15:00|AVENIDA|4|-58.37261143|-34.63150425|PEATON|PASAJEROS|1
20170086|1|2017-07-09|07:30:00|AVENIDA|9|-58.51876802|-34.63905965|PEATON|MOTO|1
20170087|1|2017-07-10|10:45:00|CALLE|3|-58.41095567|-34.61516101|PEATON|AUTO|0
20170088|1|2017-07-10|22:30:00|AVENIDA|1|-58.36797542|-34.62519403|PEATON|PASAJEROS|1
20170089|1|2017-07-13|12:05:00|CALLE|9|-58.51514709|-34.64787051|SD|AUTO|0
20170090|1|2017-07-15|05:15:00|GRAL PAZ|11|-58.51925642|-34.59171721|PEATON|AUTO|1
20170091|1|2017-07-15|13:00:00|GRAL PAZ|12|-58.48671535|-34.54321216|MOTO|SD|1
20170092|1|2017-07-24|22:16:01|AUTOPISTA|1|-58.38268809|-34.62282019|PEATON|AUTO|1
20170093|1|2017-07-25|16:48:40|AUTOPISTA|13|-58.43633522|-34.54966288|PEATON|AUTO|1
20170094|1|2017-07-27|08:50:00|CALLE|10|-58.52640838|-34.61765855|BICICLETA|CARGAS|0
20170095|1|2017-08-06|08:00:00|AVENIDA|14|-58.41894306|-34.59778875|MOTO|AUTO|1
20170096|1|2017-08-07|19:50:00|AVENIDA|13|-58.46756026|-34.54972741|PEATON|PASAJEROS|1
20170098|1|2017-08-08|12:10:00|CALLE|7|-58.45715752|-34.63132912|PEATON|AUTO|0
20170099|1|2017-08-17|19:45:00|AVENIDA|14|-58.42406784|-34.56213916|BICICLETA|AUTO|0
20170100|1|2017-08-21|07:45:00|CALLE|3|-58.3967447|-34.61512051|MOTO|OBJETO FIJO|0
20170101|1|2017-08-23|10:00:00|AVENIDA|13|-58.44537508|-34.57084818|PEATON|MULTIPLE|1
20170102|1|2017-08-24|01:10:00|AVENIDA|4|-58.40056767|-34.6510708|PEATON|CARGAS|1
20170104|1|2017-08-25|09:00:00|AVENIDA|1|-58.38109568|-34.61853244|PEATON|CARGAS|1
20170106|1|2017-08-31|19:50:00|CALLE|14|-58.42533612|-34.58035258|PEATON|PASAJEROS|1
20170107|1|2017-09-01|11:30:00|AVENIDA|13|-58.46062311|-34.54395182|MOTO|CARGAS|1
20170108|2|2017-09-02|04:53:08|GRAL PAZ|12|-58.49491054|-34.54795581|OBJETO FIJO|AUTO|1
20170109|1|2017-09-04|21:00:00|AVENIDA|7|-58.47130269|-34.63665402|MOTO|AUTO|1
20170110|1|2017-09-06|14:15:00|AVENIDA|1|-58.370488|-34.60189492|PEATON|PASAJEROS|1
20170111|1|2017-09-07|18:23:37|CALLE|4|-58.42023854|-34.6423411|PEATON|CARGAS|1
20170112|2|2017-09-10|09:32:17|AUTOPISTA|7|-58.45807401|-34.6399743|AUTO|OBJETO FIJO|0
20170113|1|2017-09-11|06:30:00|AVENIDA|1|-58.37697717|-34.59573848|PEATON|PASAJEROS|1
20170114|1|2017-09-15|02:30:00|AVENIDA|2|-58.3910058|-34.5849866|AUTO|OBJETO FIJO|1
20170115|1|2017-09-19|18:52:33|AVENIDA|5|-58.42182126|-34.63089661|MOTO|BICICLETA|1
20170116|1|2017-09-20|22:24:00|GRAL PAZ|12|-58.51389422|-34.58075791|MOTO|OBJETO FIJO|0
20170118|1|2017-09-22|07:02:09|AVENIDA|4|-58.37585415|-34.65232158|MOTO|AUTO|1
20170120|1|2017-10-02|15:55:33|AUTOPISTA|9|-58.47297505|-34.66245085|MOTO|CARGAS|1
20170123|1|2017-10-10|01:05:38|AVENIDA|8|-58.46855503|-34.67216349|PEATON|AUTO|1
20170124|1|2017-10-12|14:40:28|CALLE|15|-58.44254033|-34.59185043|MOTO|PASAJEROS|0
20170125|1|2017-10-13|06:12:20|AVENIDA|8|-58.46622247|-34.67926929|MOTO|OBJETO FIJO|1
20170126|2|2017-10-14|06:15:00|AVENIDA|8|-58.48003734|-34.68148508|AUTO|OBJETO FIJO|1
20170127|1|2017-10-16|07:45:00|AVENIDA|2|-58.41192137|-34.59800248|MOTO|MOTO|1
20170128|1|2017-10-17|12:30:00|CALLE|6|-58.44034689|-34.61349731|PEATON|PASAJEROS|0
20170129|1|2017-10-26|19:15:15|AUTOPISTA|9|-58.47155277|-34.64925746|MOTO|PASAJEROS|1
20170130|1|2017-10-27|05:30:00|AVENIDA|15|-58.47883099|-34.59967065|AUTO|CARGAS|1
20170132|1|2017-10-30|14:00:00|AVENIDA|8|-58.46552171|-34.6937413|MOTO|PASAJEROS|1
20170134|1|2017-11-06|18:00:00|AVENIDA|8|-58.4423972|-34.66777987|PEATON|PASAJEROS|0
20170135|1|2017-11-07|12:14:10|AVENIDA|15|-58.47032551|-34.59626814|MOTO|CARGAS|1
20170136|1|2017-11-16|08:43:00|AVENIDA|4|-58.41827843|-34.65522746|PEATON|PASAJEROS|1
20170137|1|2017-11-17|11:45:00|AVENIDA|11|-58.51280715|-34.59279388|PEATON|CARGAS|1
20170138|1|2017-11-19|10:30:00|AVENIDA|7|-58.46258582|-34.64385704|MOTO|OBJETO FIJO|1
20170139|1|2017-11-19|22:30:00|AVENIDA|8|-58.45064148|-34.68003614|AUTO|OBJETO FIJO|1
20170141|1|2017-11-23|19:45:00|AVENIDA|6|-58.42717783|-34.62513374|PEATON|PASAJEROS|1
20170143|1|2017-11-25|21:45:00|CALLE|11|-58.46442001|-34.60724519|AUTO|PASAJEROS|1
20170144|1|2017-11-26|06:45:00|GRAL PAZ|8|-58.47064556|-34.69843756|AUTO|OBJETO FIJO|1
20170145|1|2017-11-26|17:05:00|CALLE|5|-58.41677733|-34.61223119|MOTO|AUTO|1
20170147|1|2017-11-28|11:15:00|GRAL PAZ|9|-58.5025179|-34.67450313|MOTO|AUTO|1
20170148|1|2017-11-29|10:45:00|AVENIDA|3|-58.40708125|-34.62438894|PEATON|PASAJEROS|1
20170149|1|2017-11-30|12:20:00|AVENIDA|1|-58.36947198|-34.61477051|PEATON|PASAJEROS|1
20170150|1|2017-12-04|01:15:00|AVENIDA|9|-58.51140889|-34.63934531|PEATON|AUTO|1
20170151|1|2017-12-04|02:15:00|CALLE|4|-58.37460912|-34.65559133|PEATON|PASAJEROS|1
20170152|1|2017-12-06|17:30:00|CALLE|4|-58.41146277|-34.65073916|BICICLETA|PASAJEROS|1
20170153|2|2017-12-11|02:00:00|AVENIDA|6|-58.42855267|-34.61829385|MOTO|PASAJEROS|1
20170154|1|2017-12-11|09:15:00|AVENIDA|4|-58.39035581|-34.63412287|PEATON|PASAJEROS|1
20170155|1|2017-12-12|21:25:41|AVENIDA|7|-58.45593915|-34.62656868|SD|MOTO|0
20170157|1|2017-12-17|09:02:00|GRAL PAZ|9|-58.52866211|-34.64597065|AUTO|PASAJEROS|1
20170158|1|2017-12-18|21:30:00|GRAL PAZ|11|-58.52037476|-34.59407024|MOTO|AUTO|1
20170159|1|2017-12-20|04:31:27|AVENIDA|1|-58.38896772|-34.61799615|MOTO|AUTO|1
20170160|1|2017-12-22|13:15:00|AVENIDA|7|-58.47074114|-34.62771756|PEATON|MOTO|0
20170161|1|2017-12-26|15:30:00|AVENIDA|9|-58.48200819|-34.65969965|PEATON|AUTO|0
20180001|1|2018-01-01|22:50:00|AVENIDA|3|-58.39536773|-34.62297346|PEATON|MOTO|1
20180002|1|2018-01-03|16:40:00|CALLE|1|-58.37456088|-34.61895467|BICICLETA|PASAJEROS|0
20180003|1|2018-01-05|10:12:00|AVENIDA|15|-58.44860217|-34.60395657|PEATON|MULTIPLE|1
20180004|1|2018-01-09|09:40:00|AVENIDA|13|-58.46129513|-34.54332766|MOTO|MULTIPLE|1
20180005|1|2018-01-09|22:30:00|AVENIDA|1|-58.36907201|-34.61953517|PEATON|PASAJEROS|0
20180006|1|2018-01-10|21:15:00|CALLE|6|-58.44062219|-34.62499107|BICICLETA|PASAJEROS|1
20180007|1|2018-01-11|02:30:00|AUTOPISTA|9|-58.52502765|-34.63601265|AUTO|AUTO|0
20180008|1|2018-01-12|17:50:00|AVENIDA|1|-58.36659655|-34.61687778|MOTO|CARGAS|1
20180009|1|2018-01-14|02:00:00|AVENIDA|4|-58.36737389|-34.62763661|MOTO|MOTO|1
20180010|1|2018-01-18|05:10:00|CALLE|10|-58.49807953|-34.63038658|MOTO|CARGAS|1
20180011|1|2018-01-19|10:30:00|AVENIDA|2|-58.39092703|-34.59088447|PEATON|PASAJEROS|1
20180012|1|2018-01-26|13:30:00|CALLE|8|-58.46912006|-34.68049201|MOTO|PASAJEROS|1
20180013|1|2018-01-28|08:15:00|AVENIDA|12|-58.48661286|-34.56786129|MOTO|AUTO|1
20180014|1|2018-01-31|20:00:00|AVENIDA|7|-58.44074927|-34.65080597|PEATON|MOTO|1
20180015|2|2018-02-06|01:00:00|AVENIDA|4|-58.38636298|-34.64684275|MOTO|PASAJEROS|0
20180016|1|2018-02-15|10:15:00|AVENIDA|1|-58.37533517|-34.59276462|MOTO|CARGAS|1
20180017|1|2018-02-17|04:15:00|AVENIDA|7|-58.46963952|-34.63070603|PEATON|AUTO|1
20180018|1|2018-02-17|07:15:00|CALLE|4|-58.37207554|-34.64543658|MOTO|CARGAS|1
20180019|1|2018-02-17|12:30:00|AVENIDA|2|-58.39189441|-34.59176378|PEATON|PASAJEROS|1
20180020|1|2018-02-19|22:00:00|AUTOPISTA|8|-58.45012957|-34.66518343|MOTO|CARGAS|0
20180021|1|2018-02-22|10:45:00|AVENIDA|4|-58.40184094|-34.64546845|PEATON|PASAJEROS|1
20180022|1|2018-02-24|00:00:00|AVENIDA|4|-58.37441153|-34.63966783|MOTO|CARGAS|1
20180023|1|2018-02-24|06:00:00|CALLE|6|-58.44110156|-34.62082399|MOTO|AUTO|1
20180024|1|2018-02-28|23:00:00|AVENIDA|15|-58.47087351|-34.57827342|PEATON|CARGAS|1
20180025|1|2018-03-04|22:30:00|AVENIDA|7|-58.4596221|-34.6224514|PEATON|AUTO|1
20180026|2|2018-03-09|04:45:00|AVENIDA|4|-58.41657793|-34.65476216|MOVIL|CARGAS|1
20180027|1|2018-03-11|23:00:00|CALLE|5|-58.41911301|-34.63722107|PEATON|MOTO|1
20180028|1|2018-03-13|15:45:00|AVENIDA|9|-58.47120586|-34.64251042|PEATON|CARGAS|1
20180029|1|2018-03-15|18:00:00|AVENIDA|11|-58.47418944|-34.62049672|MOTO|AUTO|1
20180030|1|2018-03-20|01:30:00|AVENIDA|15|-58.46720441|-34.57905579|MOTO|MOTO|1
20180031|1|2018-03-28|10:15:00|AVENIDA|11|-58.46909362|-34.6177971|MOTO|CARGAS|1
20180032|1|2018-04-02|13:00:00|AVENIDA|13|-58.44704343|-34.5688864|PEATON|PASAJEROS|1
20180033|1|2018-04-07|07:30:00|AVENIDA|10|-58.50535541|-34.62902048|MOTO|CARGAS|1
20180034|1|2018-04-11|18:15:00|AVENIDA|2|-58.40021675|-34.59522198|PEATON|PASAJEROS|0
20180035|1|2018-04-12|16:45:00|AVENIDA|7|-58.46325991|-34.62919627|PEATON|PASAJEROS|0
20180036|1|2018-04-13|23:15:00|AVENIDA|15|-58.49471482|-34.59694755|MOTO|AUTO|1
20180037|1|2018-04-18|18:45:00|AVENIDA|2|-58.3987261|-34.59975962|PEATON|CARGAS|1
20180038|2|2018-04-20|17:10:00|AVENIDA|1|-58.38872177|-34.60885045|PEATON|AUTO|0
20180040|1|2018-04-27|11:00:00|CALLE|13|-58.45686132|-34.57305993|PEATON|CARGAS|1
20180041|1|2018-04-27|13:30:00|AVENIDA|4|-58.42281627|-34.64282424|PEATON|PASAJEROS|1
20180042|1|2018-04-27|18:43:00|CALLE|4|-58.38666024|-34.63953396|MOTO|CARGAS|1
20180043|1|2018-04-28|06:30:00|AVENIDA|11|-58.49122843|-34.61207587|MOTO|AUTO|1
20180044|1|2018-04-28|09:00:00|AVENIDA|3|-58.40098306|-34.61866627|PEATON|AUTO|1
20180045|1|2018-04-30|07:00:00|AVENIDA|13|-58.45448963|-34.5791692|AUTO|CARGAS|0
20180046|1|2018-05-02|03:15:00|GRAL PAZ|9|-58.52927982|-34.63931752|PEATON|AUTO|1
20180047|1|2018-05-08|19:00:00|AVENIDA|15|-58.44759966|-34.5917024|PEATON|PASAJEROS|1
20180048|1|2018-05-09|10:30:00|AVENIDA|7|-58.46411215|-34.62925068|PEATON|PASAJEROS|1
20180049|1|2018-05-11|19:15:00|CALLE|13|-58.4621322|-34.55395823|PEATON|AUTO|0
20180050|1|2018-05-14|18:45:00|AVENIDA|13|-58.45669422|-34.5620361|PEATON|PASAJEROS|1
20180051|1|2018-05-15|21:15:00|CALLE|4|-58.3597716|-34.64341878|PEATON|AUTO|1
20180052|1|2018-05-18|20:30:00|AVENIDA|15|-58.49820145|-34.59070093|PEATON|PASAJEROS|1
20180053|1|2018-05-20|02:30:00|CALLE|3|-58.4105928|-34.5993918|MOTO|AUTO|1
20180054|1|2018-05-22|11:15:00|CALLE|12|-58.47969138|-34.57121563|PEATON|BICICLETA|0
20180055|1|2018-05-29|07:30:00|AVENIDA|3|-58.40351561|-34.61883916|MOTO|AUTO|1
20180056|1|2018-06-02|13:00:00|AVENIDA|9|-58.51973844|-34.63918987|PEATON|PASAJEROS|0
20180057|1|2018-06-03|03:30:00|CALLE|3|-58.39311376|-34.62163006|MOTO|PASAJEROS|1
20180058|1|2018-06-03|06:30:00|AVENIDA|15|-58.43531242|-34.59082159|MOTO|AUTO|1
20180059|1|2018-06-08|06:20:00|AVENIDA|5|-58.41178165|-34.63035454|MOTO|OTRO|1
20180060|1|2018-06-08|12:50:00|AVENIDA|1|-58.370488|-34.60189492|PEATON|PASAJEROS|1
20180061|1|2018-06-10|11:15:00|CALLE|3|-58.39883882|-34.61964833|MOTO|MOTO|1
20180062|1|2018-06-14|01:00:00|CALLE|6|-58.44110156|-34.62082399|PEATON|CARGAS|1
20180063|1|2018-06-16|21:15:00|AVENIDA|1|-58.37093138|-34.59952725|PEATON|PASAJEROS|1
20180064|1|2018-06-25|01:15:00|AVENIDA|7|-58.45855262|-34.63953253|AUTO|CARGAS|1
20180065|1|2018-06-26|17:30:00|CALLE|1|-58.38161909|-34.59283447|MOTO|CARGAS|1
20180066|1|2018-06-28|11:00:00|AVENIDA|15|-58.45511899|-34.58698157|PEATON|PASAJEROS|1
20180067|1|2018-06-29|16:15:00|AVENIDA|4|-58.37724226|-34.62973033|PASAJEROS|AUTO|1
20180068|1|2018-07-01|09:00:00|AVENIDA|7|-58.45546217|-34.62930339|MOTO|AUTO|1
20180069|1|2018-07-04|21:45:00|AVENIDA|2|-58.39897064|-34.59954925|BICICLETA|PASAJEROS|0
20180070|1|2018-07-07|15:45:00|CALLE|3|-58.40917826|-34.62126274|MOTO|PASAJEROS|1
20180071|1|2018-07-10|17:50:00|AVENIDA|1|-58.36726348|-34.61099738|MOTO|CARGAS|1
20180072|1|2018-07-11|13:15:00|AUTOPISTA|8|-58.48267426|-34.68454456|MOTO|CARGAS|0
20180073|1|2018-07-11|15:45:00|AVENIDA|4|-58.39546165|-34.65168841|PEATON|CARGAS|0
20180074|1|2018-07-14|06:04:00|AVENIDA|7|-58.46941984|-34.63376545|AUTO|CARGAS|0
20180075|1|2018-07-15|07:30:00|AVENIDA|14|-58.40367321|-34.58129246|PEATON|AUTO|1
20180076|1|2018-07-16|09:30:00|CALLE|9|-58.52932872|-34.65014993|AUTO|CARGAS|1
20180077|1|2018-07-16|23:15:00|CALLE|3|-58.40917826|-34.62126274|AUTO|CARGAS|1
20180078|1|2018-07-21|06:15:00|CALLE|2|-58.41264127|-34.59473294|PEATON|AUTO|1
20180079|1|2018-07-23|07:15:00|GRAL PAZ|9|-58.50877521|-34.66977709|PEATON|CARGAS|1
20180080|1|2018-07-25|22:22:00|AVENIDA|9|-58.51232237|-34.6590353|PEATON|AUTO|1
20180081|1|2018-07-29|06:30:00|AVENIDA|7|-58.44744156|-34.64567171|PEATON|MULTIPLE|1
20180082|1|2018-08-01|15:53:00|AVENIDA|9|-58.49441273|-34.65869968|MOTO|CARGAS|1
20180083|1|2018-08-02|05:20:00|GRAL PAZ|8|-58.47976785|-34.69153196|MOTO|CARGAS|1
20180084|1|2018-08-03|07:25:00|AVENIDA|1|-58.36523349|-34.62260331|PEATON|CARGAS|1
20180085|2|2018-08-03|18:16:00|AVENIDA|3|-58.39118948|-34.62704273|MOTO|PASAJEROS|1
20180086|1|2018-08-10|21:44:00|AVENIDA|9|-58.49019551|-34.65015854|PEATON|PASAJEROS|1
20180087|1|2018-08-15|19:20:00|AVENIDA|5|-58.41644362|-34.63023775|PEATON|PASAJEROS|1
20180088|1|2018-08-17|16:36:00|GRAL PAZ|12|-58.5007381|-34.5497951|MOTO|CARGAS|1
20180089|1|2018-08-17|17:56:00|AVENIDA|4|-58.39626094|-34.63036565|PEATON|PASAJEROS|1
20180090|1|2018-08-18|10:34:00|AVENIDA|8|-58.43284809|-34.67051543|MOTO|AUTO|1
20180091|1|2018-08-19|18:47:00|AUTOPISTA|9|-58.52280139|-34.63659934|AUTO|AUTO|1
20180092|1|2018-08-20|08:20:00|AVENIDA|14|-58.4233693|-34.59774487|MOTO|AUTO|1
20180093|1|2018-08-20|08:41:00|CALLE|1|-58.38691681|-34.63105973|PEATON|PASAJEROS|0
20180094|1|2018-08-23|05:35:00|CALLE|14|-58.4116902|-34.5857988|MOTO|PASAJEROS|1
20180095|1|2018-08-26|00:59:00|AVENIDA|9|-58.46739825|-34.65117757|AUTO|AUTO|1
20180096|1|2018-08-31|22:20:00|AUTOPISTA|8|-58.44483258|-34.67152226|PEATON|AUTO|1
20180097|1|2018-09-02|10:50:00|AVENIDA|8|-58.43254025|-34.66128115|AUTO|OTRO|1
20180098|2|2018-09-09|05:00:00|GRAL PAZ|8|-58.47199387|-34.69640164|AUTO|AUTO|1
20180099|1|2018-09-12|14:25:00|AVENIDA|7|-58.46411215|-34.62925068|PEATON|PASAJEROS|1
20180100|1|2018-09-20|10:30:00|AVENIDA|1|-58.36217754|-34.62367156|MOTO|AUTO|0
20180101|1|2018-09-21|00:15:00|GRAL PAZ|12|-58.48098594|-34.5407313|AUTO|MULTIPLE|1
20180102|1|2018-09-21|00:30:00|CALLE|4|-58.41083404|-34.64640709|MOTO|AUTO|1
20180103|1|2018-09-27|17:51:00|AVENIDA|7|-58.44609828|-34.64446729|PEATON|MOTO|1
20180104|1|2018-10-01|08:58:00|AUTOPISTA|4|-58.37709334|-34.64035082|MOTO|MOTO|1
20180105|1|2018-10-03|18:12:00|AVENIDA|7|-58.46963952|-34.63070603|PEATON|PASAJEROS|1
20180106|1|2018-10-04|22:02:00|AVENIDA|13|-58.43674281|-34.55161027|MOTO|MOTO|1
20180107|1|2018-10-06|14:20:00|AVENIDA|3|-58.4059686|-34.61011987|PEATON|PASAJEROS|1
20180108|1|2018-10-09|14:00:00|AVENIDA|1|-58.36154069|-34.60463618|MOTO|AUTO|1
20180109|1|2018-10-10|22:12:00|AVENIDA|1|-58.37062179|-34.60066507|PEATON|PASAJEROS|1
20180110|1|2018-10-13|03:05:00|AVENIDA|15|-58.43220014|-34.60207186|PEATON|MOTO|1
20180111|1|2018-10-19|12:13:00|AUTOPISTA|9|-58.46958442|-34.64949724|MOTO|CARGAS|0
20180112|1|2018-10-24|09:18:00|CALLE|15|-58.44671397|-34.59970903|MOTO|CARGAS|1
20180113|1|2018-10-25|11:00:00|CALLE|11|-58.47152163|-34.61474911|MOTO|CARGAS|1
20180114|1|2018-10-30|02:15:00|AVENIDA|1|-58.39032921|-34.61807951|MOTO|AUTO|1
20180115|1|2018-10-31|12:30:00|CALLE|9|-58.52887773|-34.64297861|PEATON|PASAJEROS|1
20180116|1|2018-11-01|10:50:00|GRAL PAZ|8|-58.49371157|-34.67981324|PEATON|CARGAS|0
20180117|1|2018-11-04|08:15:00|AVENIDA|9|-58.48266599|-34.66012327|MOTO|MOTO|0
20180118|1|2018-11-05|14:49:00|AVENIDA|3|-58.40612253|-34.60774301|PEATON|MOTO|1
20180119|1|2018-11-05|22:35:00|AVENIDA|8|-58.43613623|-34.66292532|PEATON|SD|1
20180120|1|2018-11-09|13:34:00|AVENIDA|12|-58.48250732|-34.57208238|PEATON|AUTO|1
20180121|1|2018-11-09|16:32:00|AVENIDA|10|-58.49945705|-34.6374328|PEATON|PASAJEROS|1
20180122|1|2018-11-12|01:00:00|AUTOPISTA|8|-58.47743966|-34.67233407|AUTO|AUTO|1
20180123|1|2018-11-12|03:32:00|GRAL PAZ|9|-58.5025179|-34.67450313|AUTO|SD|1
20180124|1|2018-11-15|19:40:00|AUTOPISTA|9|-58.52144411|-34.63682499|CARGAS|CARGAS|0
20180125|1|2018-11-16|21:12:00|AVENIDA|4|-58.41650465|-34.65084045|PEATON|PASAJEROS|1
20180126|1|2018-11-18|12:11:00|GRAL PAZ|9|-58.52994219|-34.64055918|MOTO|AUTO|1
20180127|1|2018-11-19|09:14:00|GRAL PAZ|12|-58.50993046|-34.56919739|MOTO|MOTO|1
20180128|2|2018-11-25|04:30:00|GRAL PAZ|9|-58.52844623|-34.64592873|AUTO|PASAJEROS|0
20180129|1|2018-11-28|04:01:00|AVENIDA|15|-58.45021367|-34.58695347|MOTO|PASAJEROS|1
20180130|1|2018-12-03|03:00:00|AVENIDA|10|-58.49022072|-34.62770192|MOTO|PASAJEROS|1
20180131|1|2018-12-07|19:10:00|AVENIDA|1|-58.36860866|-34.60106568|MOTO|CARGAS|0
20180132|1|2018-12-12|08:26:00|AUTOPISTA|2|-58.39490504|-34.57241534|PEATON|CARGAS|1
20180133|1|2018-12-12|14:07:00|AVENIDA|7|-58.46963952|-34.63070603|PEATON|CARGAS|1
20180134|1|2018-12-12|21:00:00|AVENIDA|7|-58.42349365|-34.64019887|PEATON|MOTO|1
20180135|1|2018-12-18|14:40:00|AVENIDA|1|-58.37471802|-34.61265002|PEATON|PASAJEROS|1
20180136|1|2018-12-18|15:42:00|AVENIDA|7|-58.46438789|-34.62913916|PEATON|PASAJEROS|0
20180137|1|2018-12-18|20:15:00|CALLE|1|-58.38481975|-34.61100424|MOTO|PASAJEROS|1
20180138|1|2018-12-21|09:30:00|CALLE|10|-58.50751833|-34.62073702|PASAJEROS|PASAJEROS|0
20180139|1|2018-12-22|06:30:00|CALLE|7|-58.44682986|-34.63888084|MOTO|MOTO|0
20180140|1|2018-12-22|08:05:00|CALLE|1|-58.3600465|-34.61381341|AUTO|AUTO|0
20180141|1|2018-12-22|17:40:00|AVENIDA|5|-58.41509546|-34.62085945|PEATON|MOTO|1
20180142|1|2018-12-25|13:30:00|GRAL PAZ|12|-58.50997604|-34.57251072|CARGAS|PASAJEROS|0
20180143|1|2018-12-29|05:25:00|AVENIDA|10|-58.48606475|-34.64047818|MOTO|AUTO|1
20190001|1|2019-01-08|08:30:00|AVENIDA|2|-58.38526125|-34.5780581|MOTO|CARGAS|1
20190002|1|2019-01-09|04:00:00|AVENIDA|7|-58.45463662|-34.65082149|AUTO|CARGAS|1
20190003|1|2019-01-12|08:00:00|AVENIDA|15|-58.49121672|-34.59718073|MOTO|AUTO|1
20190004|1|2019-01-14|19:58:00|AVENIDA|9|-58.47325712|-34.65284605|AUTO|PASAJEROS|1
20190005|1|2019-01-19|12:00:00|AVENIDA|10|-58.52108101|-34.63382309|MOTO|CARGAS|1
20190006|1|2019-01-23|05:45:00|AVENIDA|14|-58.41652702|-34.55509606|PEATON|AUTO|0
20190007|1|2019-01-26|19:34:00|CALLE|5|-58.42891604|-34.6107166|MOTO|AUTO|1
20190008|1|2019-01-30|22:45:00|GRAL PAZ|8|-58.47802293|-34.69156793|MOTO|MULTIPLE|0
20190009|1|2019-01-31|14:55:00|AVENIDA|1|-58.37564821|-34.62200207|MOTO|AUTO|1
20190010|2|2019-02-02|07:50:00|AVENIDA|14|-58.42668489|-34.56961468|PEATON|AUTO|0
20190011|1|2019-02-10|01:00:00|GRAL PAZ|9|-58.5183993|-34.66252488|PEATON|AUTO|1
20190012|1|2019-02-17|03:16:00|AVENIDA|8|-58.48432691|-34.67665828|MOTO|AUTO|1
20190013|1|2019-02-20|07:30:00|CALLE|7|-58.4338383|-34.64457699|PEATON|AUTO|1
20190014|1|2019-02-20|17:30:00|CALLE|11|-58.51664939|-34.58657938|MOTO|OBJETO FIJO|0
20190015|1|2019-02-23|06:57:00|AVENIDA|11|-58.49613012|-34.59703502|AUTO|OBJETO FIJO|0
20190016|1|2019-02-24|02:00:00|CALLE|4|-58.38313603|-34.63356284|MOTO|PASAJEROS|1
20190017|1|2019-03-03|07:00:00|CALLE|3|-58.39914719|-34.61632317|AUTO|PASAJEROS|1
20190018|1|2019-03-03|23:30:00|AUTOPISTA|13|-58.44927253|-34.54048625|PEATON|AUTO|1
20190019|1|2019-03-06|12:00:00|AVENIDA|13|-58.45049163|-34.55374003|MOTO|AUTO|0
20190020|1|2019-03-07|21:01:00|AVENIDA|5|-58.41288952|-34.63572989|MOTO|AUTO|0
20190021|1|2019-03-15|22:50:00|AVENIDA|7|-58.45743597|-34.62561234|MOTO|AUTO|1
20190022|1|2019-03-15|00:00:00|AVENIDA|1|-58.39123782|-34.62352245|AUTO|SD|0
20190023|1|2019-03-16|08:28:00|GRAL PAZ|9|-58.52922765|-34.63637963|AUTO|OBJETO FIJO|1
20190024|1|2019-03-19|07:12:00|AVENIDA|1|-58.37208118|-34.58541957|MOTO|CARGAS|0
20190025|1|2019-03-22|13:10:00|CALLE|5|-58.41458534|-34.60937557|PEATON|AUTO|1
20190026|1|2019-03-28|07:32:00|AVENIDA|8|-58.47976785|-34.69153196|PEATON|PASAJEROS|1
20190027|1|2019-03-28|11:11:00|AVENIDA|2|-58.39990285|-34.59511714|BICICLETA|MULTIPLE|1
20190028|1|2019-04-06|09:15:00|AVENIDA|11|-58.46051346|-34.60588536|PEATON|PASAJEROS|1
20190029|1|2019-04-07|10:15:00|AVENIDA|8|-58.47976785|-34.69153196|MOTO|OBJETO FIJO|1
20190030|1|2019-04-09|16:00:00|CALLE|7|-58.45457546|-34.62447891|MOTO|CARGAS|1
20190031|1|2019-04-12|19:55:00|AVENIDA|1|-58.36951669|-34.59832047|BICICLETA|CARGAS|1
20190032|1|2019-04-16|11:00:00|AVENIDA|11|-58.46415322|-34.6044379|PEATON|AUTO|1
20190033|1|2019-04-18|01:00:00|AUTOPISTA|1|-58.36607137|-34.62150748|MOTO|SD|1
20190034|1|2019-04-21|09:08:00|AVENIDA|7|-58.45537373|-34.65093074|MOTO|OBJETO FIJO|0
20190035|1|2019-04-23|14:10:00|CALLE|1|-58.37942637|-34.60053054|PEATON|BICICLETA|0
20190036|1|2019-04-26|22:46:00|CALLE|6|-58.4368044|-34.62147504|MOTO|AUTO|1
20190037|1|2019-05-01|23:10:00|AVENIDA|3|-58.40778291|-34.61971907|MOTO|AUTO|1
20190038|1|2019-05-04|14:10:00|AVENIDA|13|-58.45212523|-34.54628513|PEATON|MOTO|1
20190039|1|2019-05-09|03:05:00|AVENIDA|7|-58.46749188|-34.63551751|MOTO|AUTO|1
20190040|1|2019-05-09|12:45:00|CALLE|7|-58.4426358|-34.63679732|MOTO|SD|1
20190041|1|2019-05-11|20:30:00|AVENIDA|9|-58.51140289|-34.65846419|AUTO|MULTIPLE|1
20190042|1|2019-05-14|15:00:00|CALLE|1|-58.38211431|-34.62465368|PEATON|PASAJEROS|1
20190043|1|2019-05-21|09:00:00|AVENIDA|1|-58.36951669|-34.59832047|BICICLETA|CARGAS|1
20190044|1|2019-05-27|12:45:00|AVENIDA|5|-58.41635217|-34.62036547|PEATON|MOTO|0
20190045|1|2019-06-03|07:27:00|AVENIDA|14|-58.41316147|-34.57579669|MOTO|CARGAS|1
20190046|1|2019-06-04|09:00:00|GRAL PAZ|13|-58.47617802|-34.53825652|MOTO|AUTO|1
20190047|1|2019-06-06|10:00:00|AVENIDA|4|-58.38641783|-34.63330028|PEATON|CARGAS|0
20190048|1|2019-06-07|07:00:00|AVENIDA|6|-58.45322169|-34.62038137|MOTO|CARGAS|0
20190049|1|2019-06-08|09:20:00|CALLE|13|-58.45849057|-34.56166498|PEATON|CARGAS|1
20190050|1|2019-06-08|23:35:00|AVENIDA|14|-58.41829559|-34.59411677|MOTO|CARGAS|1
20190051|1|2019-06-11|10:00:00|CALLE|4|-58.36376488|-34.63832093|MOTO|AUTO|1
20190053|1|2019-06-14|17:20:00|AVENIDA|8|-58.46442668|-34.66004784|AUTO|AUTO|1
20190054|1|2019-06-20|03:00:00|CALLE|15|-58.48222035|-34.58428769|MOTO|OBJETO FIJO|0
20190055|1|2019-06-20|19:45:00|AVENIDA|1|-58.36819005|-34.60283208|MOTO|PASAJEROS|1
20190056|1|2019-06-29|17:16:00|AVENIDA|7|-58.45877601|-34.62330939|PEATON|AUTO|0
20190057|1|2019-07-05|19:00:00|CALLE|13|-58.44196498|-34.55760517|PEATON|AUTO|1
20190058|1|2019-07-10|09:20:00|AUTOPISTA|10|-58.50622631|-34.63627822|MOTO|PASAJEROS|0
20190059|1|2019-07-13|22:35:00|CALLE|1|-58.3841088|-34.63099197|MOTO|PASAJEROS|1
20190060|1|2019-07-17|11:20:00|AVENIDA|10|-58.48100602|-34.63504312|PEATON|AUTO|1
20190061|1|2019-07-17|18:40:00|CALLE|13|-58.45200171|-34.5578132|PEATON|PASAJEROS|1
20190062|1|2019-08-01|23:00:00|AVENIDA|13|-58.44462132|-34.56201105|PEATON|PASAJEROS|1
20190063|1|2019-08-04|01:30:00|AVENIDA|15|-58.45220688|-34.58711712|MOTO|PASAJEROS|1
20190064|1|2019-08-06|03:15:00|AVENIDA|7|-58.4596221|-34.6224514|MOTO|AUTO|1
20190065|1|2019-08-08|16:45:00|CALLE|4|-58.4197085|-34.65414867|PEATON|PASAJEROS|1
20190066|1|2019-08-11|21:15:00|AVENIDA|7|-58.44187596|-34.64938031|PEATON|AUTO|1
20190067|1|2019-08-14|15:00:00|CALLE|10|-58.49101637|-34.64276621|MOTO|CARGAS|0
20190068|1|2019-08-14|17:40:00|AVENIDA|8|-58.42493829|-34.66256502|MOTO|MOTO|0
20190069|1|2019-08-17|05:25:00|AVENIDA|4|-58.40489318|-34.62930162|MOTO|AUTO|0
20190070|1|2019-08-22|12:30:00|AVENIDA|14|-58.4268668|-34.59217875|MOTO|BICICLETA|1
20190071|1|2019-08-27|11:30:00|AVENIDA|9|-58.479611|-34.65620398|PEATON|CARGAS|1
20190072|1|2019-08-28|06:20:00|AVENIDA|10|-58.47439934|-34.63524207|AUTO|AUTO|1
20190073|1|2019-08-29|01:50:00|AVENIDA|15|-58.46711912|-34.57926018|AUTO|OBJETO FIJO|0
20190074|1|2019-08-29|09:00:00|AUTOPISTA|13|-58.46514781|-34.53465378|MOTO|CARGAS|1
20190075|1|2019-08-30|23:20:00|CALLE|4|-58.37571078|-34.65584079|MOTO|PASAJEROS|1
20190076|1|2019-09-05|18:00:00|AUTOPISTA|4|-58.37157668|-34.65429986|MOTO|CARGAS|0
20190077|1|2019-09-08|03:40:00|AVENIDA|14|-58.39811256|-34.58070186|PEATON|AUTO|1
20190078|1|2019-09-12|08:25:00|AVENIDA|4|-58.41125934|-34.6541774|PEATON|CARGAS|1
20190079|1|2019-09-17|05:30:00|CALLE|5|-58.41822901|-34.61866836|MOTO|PASAJEROS|1
20190080|1|2019-09-17|18:40:00|GRAL PAZ|13|-58.47617802|-34.53825652|PEATON|MOTO|1
20190081|1|2019-09-23|16:00:00|AVENIDA|15|-58.46141281|-34.58623761|PEATON|PASAJEROS|0
20190082|1|2019-09-25|07:45:00|AVENIDA|8|-58.42985146|-34.6611974|BICICLETA|CARGAS|0
20190083|1|2019-09-26|08:00:00|CALLE|9|-58.48457413|-34.6583909|AUTO|AUTO|1
20190084|1|2019-09-27|11:45:00|CALLE|7|-58.46572884|-34.63628186|BICICLETA|CARGAS|1
20190085|1|2019-10-09|22:18:00|CALLE|10|-58.49261744|-34.6341913|BICICLETA|TREN|1
20190086|1|2019-10-15|14:10:00|AVENIDA|15|-58.45283186|-34.5884156|MOTO|PASAJEROS|0
20190087|1|2019-10-21|21:00:00|AVENIDA|12|-58.47973681|-34.57418656|MOTO|MOTO|1
20190088|1|2019-10-22|20:00:00|AVENIDA|4|-58.40623949|-34.65076549|PEATON|PASAJEROS|1
20190089|1|2019-10-23|15:45:00|AVENIDA|4|-58.36244648|-34.63107887|PEATON|CARGAS|1
20190090|1|2019-10-24|18:26:00|AVENIDA|9|-58.49962423|-34.64868027|PEATON|MOTO|0
20190091|1|2019-11-01|20:50:00|AVENIDA|15|-58.44551437|-34.59559816|PEATON|PASAJEROS|1
20190092|1|2019-11-03|10:30:00|CALLE|4|-58.35608181|-34.63420319|PEATON|PASAJEROS|1
20190093|1|2019-11-13|11:50:00|AVENIDA|11|-58.46483679|-34.60907662|BICICLETA|OTRO|1
20190094|1|2019-11-18|14:00:00|CALLE|15|-58.44368628|-34.59724326|MOTO|OTRO|1
20190095|1|2019-11-20|15:30:00|AUTOPISTA|1|-58.37864583|-34.62907067|MOTO|CARGAS|0
20190096|1|2019-11-22|19:33:00|AVENIDA|1|-58.37560352|-34.62726382|PEATON|PASAJEROS|1
20190097|1|2019-11-25|08:50:00|AUTOPISTA|9|-58.47721439|-34.64815069|MOTO|MULTIPLE|0
20190098|1|2019-11-25|14:00:00|AVENIDA|15|-58.45134029|-34.58984288|PASAJEROS|PASAJEROS|0
20190100|1|2019-12-05|17:30:00|AVENIDA|12|-58.49040794|-34.58368803|MOTO|AUTO|0
20190101|1|2019-12-17|04:20:00|AVENIDA|4|-58.42102679|-34.64991178|MOTO|MOTO|1
20190102|1|2019-12-17|14:30:00|CALLE|9|-58.52219407|-34.64143926|MOTO|AUTO|1
20190103|1|2019-12-18||GRAL PAZ|11|-58.52169422|-34.5947164|MOTO|MOTO|1
20190104|1|2019-12-21|04:25:00|AVENIDA|10|-58.47460416|-34.63206174|MOTO|AUTO|1
20190105|1|2019-05-05|11:00:00|AVENIDA|10|-58.50512382|-34.61520391|PEATON|AUTO|1
20200001|1|2020-01-04|10:40:00|CALLE|15|-58.43910409|-34.59213355|PEATON|AUTO|1
20200002|1|2020-01-05|20:00:00|AVENIDA|7|-58.45019436|-34.64646409|MOTO|OBJETO FIJO|1
20200003|1|2020-01-11|06:00:00|AVENIDA|3|-58.39337644|-34.60927582|PEATON|AUTO|1
20200004|1|2020-01-14|21:40:00|AVENIDA|1|-58.39055614|-34.60919284|PEATON|PASAJEROS|1
20200005|1|2020-01-14|06:00:00|AVENIDA|3|-58.41036975|-34.62477021|MOTO|PASAJEROS|1
20200006|1|2020-01-20|12:55:00|AVENIDA|8|-58.44925765|-34.65412546|MOTO|CARGAS|0
20200007|1|2020-01-27|00:37:00|CALLE|1|-58.3815685|-34.61648696|PEATON|MOTO|1
20200008|1|2020-01-30|07:10:00|AVENIDA|2|-58.40662899|-34.59804521|MOTO|CARGAS|1
20200009|1|2020-02-04|14:50:00|CALLE|5|-58.41985649|-34.6060085|PEATON|AUTO|1
20200010|1|2020-02-08|05:45:00|AVENIDA|1|-58.38099833|-34.62214953|MOTO|OBJETO FIJO|1
20200011|1|2020-02-12|11:29:00|CALLE|5|-58.41803309|-34.61823178|MOTO|CARGAS|0
20200012|1|2020-02-18|21:00:00|CALLE|3|-58.40604003|-34.61783553|PEATON|MOTO|0
20200013|1|2020-02-20|12:00:00|AVENIDA|15|-58.47549929|-34.57994061|PEATON|MOTO|1
20200014|1|2020-02-27|02:14:00|CALLE|11|-58.51398484|-34.61600366|MOTO|PASAJEROS|1
20200015|1|2020-02-28|14:30:00|AVENIDA|1|-58.36797542|-34.62519403|MOTO|PASAJEROS|1
20200016|1|2020-02-29|13:00:00|AVENIDA|1|-58.37133616|-34.59879316|PEATON|PASAJEROS|0
20200017|1|2020-03-05|23:00:00|AVENIDA|3|-58.39613805|-34.61413568|PEATON|AUTO|1
20200018|1|2020-03-09|14:00:00|AVENIDA|13|-58.44903073|-34.54200276|MOTO|OBJETO FIJO|0
20200019|1|2020-03-10|21:00:00|CALLE|5|-58.41972364|-34.6284667|PEATON|AUTO|1
20200020|1|2020-03-13|17:30:00|AVENIDA|3|-58.40571596|-34.60557123|PEATON|MOTO|1
20200021|1|2020-03-14|16:50:00|CALLE|2|-58.4145159|-34.59488319|PEATON|AUTO|0
20200022|1|2020-04-07|06:15:00|AUTOPISTA|9|-58.47297505|-34.66245085|AUTO|CARGAS|1
20200023|1|2020-04-09|18:42:00|AVENIDA|4|-58.35791192|-34.63695178|AUTO|CARGAS|1
20200024|1|2020-04-24|07:58:00|CALLE|9|-58.50801713|-34.65177305|AUTO|AUTO|0
20200025|1|2020-05-12|05:35:00|AVENIDA|3|-58.40258477|-34.60975108|PEATON|AUTO|0
20200027|1|2020-05-18|08:00:00|AVENIDA|8|-58.48267426|-34.68454456|PEATON|CARGAS|1
20200028|1|2020-05-19|10:00:00|AVENIDA|15|-58.44248936|-34.60221948|PEATON|PASAJEROS|1
20200029|1|2020-06-10|14:00:00|GRAL PAZ|9|-58.52909134|-34.63886726|PEATON|PASAJEROS|1
20200030|1|2020-06-16|15:00:00|AVENIDA|6|-58.45158942|-34.6064658|MOTO|MULTIPLE|0
20200031|1|2020-06-30|08:00:00|AVENIDA|9|-58.49344309|-34.65788529|MOTO|CARGAS|1
20200032|1|2020-07-10|23:00:00|AVENIDA|15|-58.44259166|-34.59635137|MOTO|AUTO|1
20200033|1|2020-07-19|06:25:00|GRAL PAZ|13|-58.46743471|-34.53476874|AUTO|OBJETO FIJO|1
20200034|1|2020-08-02|03:20:00|CALLE|3|-58.41178158|-34.60922259|PEATON|AUTO|1
20200035|1|2020-08-04|05:30:00|AUTOPISTA|7|-58.45068621|-34.63638927|MOTO|PASAJEROS|0
20200036|1|2020-08-07|18:40:00|AVENIDA|14|-58.42016954|-34.5877879|PEATON|MOTO|1
20200037|1|2020-08-29|04:30:00|AVENIDA|8|-58.43850413|-34.65554754|PEATON|AUTO|1
20200038|2|2020-08-30|04:00:00|AVENIDA|14|-58.40617526|-34.58345898|AUTO|AUTO|1
20200040|1|2020-09-12|03:30:00|AVENIDA|2|-58.38526125|-34.5780581|AUTO|OBJETO FIJO|1
20200041|1|2020-09-28|01:45:00|AVENIDA|7|-58.4475047|-34.63491705|MOTO|PASAJEROS|1
20200042|1|2020-09-29|17:10:00|AVENIDA|8|-58.46745752|-34.68192648|PEATON|PASAJEROS|1
20200043|1|2020-09-30|17:20:00|AVENIDA|1|-58.37202621|-34.59717942|PEATON|PASAJEROS|1
20200044|1|2020-10-05|00:20:00|AVENIDA|6|-58.42779702|-34.62207347|AUTO|AUTO|1
20200045|1|2020-10-19|03:00:00|GRAL PAZ|8|-58.46244952|-34.70524971|AUTO|CARGAS|1
20200046|1|2020-10-27|21:00:00|AVENIDA|11|-58.4844016|-34.60776782|MOTO|MOTO|1
20200047|1|2020-10-27|14:00:00|AUTOPISTA|9|-58.46668375|-34.65174801|PEATON|CARGAS|1
20200048|1|2020-10-29|20:20:00|AVENIDA|15|-58.4495878|-34.59322448|MOTO|OBJETO FIJO|0
20200049|1|2020-10-30|20:00:00|AVENIDA|1|-58.37533517|-34.59276462|PEATON|AUTO|1
20200050|1|2020-11-01|22:00:00|AVENIDA|14|-58.42525456|-34.57866344|PEATON|MOTO|1
20200051|1|2020-11-05|00:40:00|AVENIDA|10|-58.48493828|-34.62981124|MOTO|AUTO|1
20200052|1|2020-11-07|06:50:00|AVENIDA|3|-58.40480504|-34.60183884|BICICLETA|CARGAS|1
20200053|1|2020-11-09|03:30:00|AVENIDA|4|-58.41125934|-34.6541774|AUTO|AUTO|1
20200054|1|2020-11-19|09:00:00|CALLE|4|-58.39956546|-34.6297708|BICICLETA|AUTO|1
20200055|1|2020-11-19|12:30:00|AVENIDA|12|-58.49005682|-34.5786897|PEATON|CARGAS|0
20200056|1|2020-11-21|13:00:00|GRAL PAZ|8|-58.47064556|-34.69843756|MOTO|CARGAS|1
20200057|1|2020-11-23|07:45:00|AVENIDA|11|-58.4750156|-34.61945902|PEATON|AUTO|1
20200058|1|2020-11-24|16:00:00|AVENIDA|10|-58.48727942|-34.63652467|PEATON|AUTO|1
20200059|1|2020-12-01|06:35:00|CALLE|1|-58.3795169|-34.62794241|PEATON|PASAJEROS|0
20200060|1|2020-12-03|20:30:00|AVENIDA|9|-58.47750832|-34.65672199|PEATON|MOTO|1
20200061|1|2020-12-03|14:40:00|AUTOPISTA|13|-58.44927253|-34.54048625|MOTO|CARGAS|1
20200062|1|2020-12-04|17:19:00|CALLE|3|-58.39246272|-34.61253541|BICICLETA|PASAJEROS|0
20200063|2|2020-12-05|07:10:00|CALLE|11|-58.52783814|-34.61047001|PEATON_MOTO|MOTO|1
20200065|1|2020-12-05|16:00:00|GRAL PAZ|12|-58.49332664|-34.54836855|MOTO|AUTO|1
20200066|1|2020-12-07|04:30:00|AUTOPISTA|10|-58.50178784|-34.63593897|MOTO|OBJETO FIJO|0
20200067|1|2020-12-11|22:00:00|AVENIDA|4|-58.41657793|-34.65476216|PEATON|PASAJEROS|1
20200068|1|2020-12-12|20:30:00|AVENIDA|2|-58.39731474|-34.58307887|MOTO|AUTO|1
20200069|1|2020-12-15|05:20:00|AVENIDA|1|-58.38746381|-34.61790839|MOTO|PASAJEROS|1
20200070|1|2020-12-17|15:35:00|AVENIDA|2|-58.39189441|-34.59176378|PEATON|PASAJEROS|1
20200071|1|2020-12-17|23:00:00|AVENIDA|7|-58.46749188|-34.63551751|PEATON|AUTO|1
20200072|1|2020-12-19|03:30:00|AVENIDA|3|-58.40280471|-34.62113271|BICICLETA|AUTO|1
20200073|1|2020-12-20|07:40:00|AVENIDA|8|-58.44451316|-34.68475866|MOTO|OBJETO FIJO|1
20200074|1|2020-12-20|21:00:00|AVENIDA|7|-58.47110424|-34.62742408|AUTO|AUTO|1
20200075|1|2020-12-23|14:00:00|AVENIDA|1|-58.38220928|-34.60373898|PEATON|PASAJEROS|1
20200076|1|2020-12-24|12:30:00|AVENIDA|10|-58.49794468|-34.61565025|AUTO|PASAJEROS|1
20200077|2|2020-12-25|06:40:00|AVENIDA|15|-58.47220945|-34.60111373|MOTO|AUTO|1
20200078|1|2020-12-25|05:50:00|CALLE|7|-58.43706741|-34.63217813|BICICLETA|PASAJEROS|0
20200079|1|2020-12-27|04:15:00|GRAL PAZ|12|-58.49332664|-34.54836855|MOTO|OBJETO FIJO|1
20210001|1|2021-01-06|18:00:00|AUTOPISTA|1|-58.37960727|-34.62622851|MOTO|AUTO|0
20210002|1|2021-01-07|10:20:00|AVENIDA|9|-58.51061062|-34.64972472|MOTO|CARGAS|1
20210003|1|2021-01-10|07:40:00|AUTOPISTA|7|-58.43052224|-34.62941648|MOTO|OBJETO FIJO|0
20210004|1|2021-01-11|09:12:18|AVENIDA|5|-58.41455544|-34.63866836|PEATON|CARGAS|1
20210005|1|2021-01-11|21:30:00|AVENIDA|9|-58.46774439|-34.64730145|PEATON|AUTO|0
20210006|1|2021-01-12|21:00:00|AUTOPISTA|14|-58.40786274|-34.56726817|MOTO|CARGAS|1
20210007|1|2021-01-18|10:00:00|AVENIDA|15|-58.48744301|-34.58622275|MOTO|MOTO|1
20210008|1|2021-01-22|23:30:00|AVENIDA|4|-58.41657793|-34.65476216|PEATON|PASAJEROS|1
20210009|1|2021-01-23|05:30:00|AVENIDA|6|-58.45351111|-34.61134937|MOTO|OBJETO FIJO|1
20210010|1|2021-01-23|08:00:00|GRAL PAZ|12|-58.5007381|-34.5497951|MOTO|AUTO|1
20210011|1|2021-01-27|01:04:26|AVENIDA|2|-58.39144148|-34.59564871|PEATON|AUTO|0
20210012|1|2021-01-29|20:07:22|AUTOPISTA|8|-58.48191128|-34.68385968|PEATON|AUTO|1
20210013|1|2021-01-31|06:10:00|AVENIDA|10|-58.48727942|-34.63652467|MOTO|OBJETO FIJO|1
20210014|1|2021-02-02|00:50:00|AVENIDA|15|-58.48328708|-34.59779521|PEATON|AUTO|1
20210015|1|2021-02-06|03:05:00|AVENIDA|15|-58.49018543|-34.5972499|MOTO|OBJETO FIJO|1
20210016|1|2021-02-14|05:50:00|AVENIDA|8|-58.47230127|-34.68482689|AUTO|OBJETO FIJO|1
20210017|1|2021-02-17|04:10:00|AVENIDA|1|-58.38262614|-34.63168269|MOTO|PASAJEROS|1
20210018|1|2021-02-20|19:00:00|CALLE|3|-58.41047268|-34.60793518|PEATON|AUTO|1
20210019|1|2021-02-21|01:20:00|AVENIDA|12|-58.49659234|-34.56353635|MOTO|OBJETO FIJO|1
20210020|1|2021-02-21|15:00:00|CALLE|5|-58.42462955|-34.60727189|PEATON|CARGAS|1
20210021|1|2021-02-26|05:30:00|CALLE|3|-58.41168345|-34.61185625|MOTO|OBJETO FIJO|1
20210022|1|2021-02-28|12:00:00|AVENIDA|13|-58.45157681|-34.55217303|PASAJEROS|SD|1
20210024|1|2021-03-03|16:30:00|AVENIDA|9|-58.49573651|-34.67006054|BICICLETA|CARGAS|1
20210025|1|2021-03-11|03:45:00|GRAL PAZ|8|-58.48695354|-34.68795245|MOTO|OTRO|1
20210026|1|2021-03-15|02:35:00|AUTOPISTA|4|-58.37562539|-34.64449357|MOTO|OBJETO FIJO|0
20210027|1|2021-03-16|15:30:00|GRAL PAZ|12|-58.49491054|-34.54795581|MOTO|CARGAS|1
20210028|1|2021-03-29|17:20:00|AVENIDA|7|-58.44147621|-34.64357704|PEATON|PASAJEROS|1
20210029|1|2021-03-31|18:05:00|AVENIDA|7|-58.46899119|-34.63215432|AUTO|AUTO|1
20210030|1|2021-04-03|18:30:00|CALLE|4|-58.38685612|-34.63455776|PEATON|PASAJEROS|0
20210031|1|2021-04-07|10:29:00|AVENIDA|1|-58.38113667|-34.61765323|PEATON|CARGAS|1
20210032|1|2021-04-10|19:55:00|AUTOPISTA|13|-58.44112678|-34.54538956|PEATON|MOTO|1
20210033|1|2021-04-14|17:50:00|AUTOPISTA|5|-58.41595919|-34.62743346|AUTO|OBJETO FIJO|0
20210034|1|2021-04-19|14:40:00|AVENIDA|4|-58.40184094|-34.64546845|MOTO|CARGAS|1
20210035|1|2021-05-03|09:20:00|AVENIDA|8|-58.44642231|-34.65679806|MOTO|CARGAS|1
20210036|1|2021-05-09|06:00:00|GRAL PAZ|11|-58.52340614|-34.59798754|MOTO|OBJETO FIJO|1
20210037|1|2021-05-11|07:10:00|AVENIDA|13|-58.46649069|-34.56219075|PEATON|PASAJEROS|1
20210038|1|2021-05-14|11:40:00|AVENIDA|14|-58.42653328|-34.57816791|MOTO|CARGAS|1
20210039|1|2021-05-15|12:09:00|AVENIDA|9|-58.50407099|-34.65303372|BICICLETA|AUTO|1
20210040|1|2021-05-20|05:50:00|GRAL PAZ|13|-58.46743471|-34.53476874|MOTO|AUTO|1
20210041|1|2021-05-20|08:30:00|AVENIDA|14|-58.40986646|-34.5772806|PEATON|PASAJEROS|1
20210042|1|2021-05-21|05:00:00|AVENIDA|9|-58.51739138|-34.63931792|PEATON|PASAJEROS|0
20210043|1|2021-05-22|18:26:00|AVENIDA|9|-58.50719962|-34.65556223|PEATON|AUTO|1
20210044|1|2021-05-25|02:00:00|AVENIDA|9|-58.46712311|-34.64600222|MOTO|OBJETO FIJO|1
20210045|1|2021-05-26|17:24:00|AUTOPISTA|4|-58.37709334|-34.64035082|MOTO|MULTIPLE|0
20210046|1|2021-05-31|02:00:00|AVENIDA|15|-58.46033141|-34.58569883|AUTO|OBJETO FIJO|1
20210047|1|2021-06-02|16:00:00|AVENIDA|4|-58.42190745|-34.65633192|MOTO|AUTO|1
20210048|1|2021-06-03|09:58:00|AVENIDA|12|-58.49026573|-34.5698141|BICICLETA|AUTO|1
20210049|1|2021-06-03|20:30:00|AVENIDA|8|-58.45410344|-34.66902702|AUTO|AUTO|0
20210050|1|2021-06-10|13:30:00|AVENIDA|13|-58.44751621|-34.55719892|MOTO|PASAJEROS|0
20210051|1|2021-06-15|19:20:00|AVENIDA|4|-58.42040352|-34.66005171|PEATON|CARGAS|1
20210052|1|2021-06-20|05:40:00|GRAL PAZ|8|-58.49530249|-34.68010798|MOTO|OBJETO FIJO|0
20210053|1|2021-06-20|12:00:00|AVENIDA|15|-58.44399875|-34.5947736|PEATON|BICICLETA|0
20210054|1|2021-06-22|14:44:00|CALLE|4|-58.42759813|-34.65463857|MOTO|CARGAS|1
20210055|1|2021-06-29|12:20:00|AVENIDA|3|-58.40547222|-34.60456293|MOTO|CARGAS|1
20210056|1|2021-07-09|23:25:00|AVENIDA|4|-58.42473018|-34.6500828|BICICLETA|AUTO|1
20210057|1|2021-07-10|23:30:00|AUTOPISTA|2|-58.39257023|-34.57563957|AUTO|OBJETO FIJO|0
20210058|1|2021-07-21|00:40:00|GRAL PAZ|12|-58.48941042|-34.54596153|PEATON|AUTO|1
20210059|1|2021-07-22|01:20:00|AVENIDA|3|-58.3964074|-34.62783085|AUTO|OBJETO FIJO|0
20210060|1|2021-07-22|12:30:00|AVENIDA|5|-58.41971993|-34.6111224|PEATON|PASAJEROS|1
20210061|1|2021-07-24|09:15:00|AVENIDA|4|-58.40544588|-34.65012801|PEATON|CARGAS|1
20210062|1|2021-07-27|07:16:00|AVENIDA|4|-58.42003882|-34.64645957|AUTO|CARGAS|0
20210063|1|2021-08-02|04:40:00|AVENIDA|7|-58.46851293|-34.63348678|AUTO|AUTO|0
20210064|1|2021-08-02|20:00:00|GRAL PAZ|9|-58.52931141|-34.65422917|PEATON|CARGAS|1
20210065|1|2021-08-06|08:30:00|AVENIDA|6|-58.42675754|-34.6269973|PEATON|PASAJEROS|1
20210066|1|2021-08-06|20:00:00|AVENIDA|11|-58.52933723|-34.61098186|PEATON|PASAJEROS|1
20210067|1|2021-08-08|09:29:00|AUTOPISTA|1|-58.37910943|-34.62764718|MOTO|OBJETO FIJO|0
20210068|1|2021-08-15|06:10:00|AVENIDA|11|-58.52161176|-34.61164474|MOTO|OBJETO FIJO|0
20210069|1|2021-08-20|17:15:00|AVENIDA|14|-58.41354692|-34.5869768|PEATON|AUTO|0
20210070|1|2021-08-28|08:30:00|AVENIDA|8|-58.43960781|-34.65470804|MOTO|CARGAS|1
20210071|1|2021-08-31|16:00:00|CALLE|3|-58.4045461|-34.60003693|PEATON|MOTO|0
20210072|1|2021-09-01|19:10:00|AVENIDA|2|-58.39303911|-34.59871111|PEATON|AUTO|1
20210073|1|2021-09-18|12:20:00|AVENIDA|2|-58.39391034|-34.58405348|BICICLETA|AUTO|1
20210074|1|2021-09-20|15:00:00|GRAL PAZ|12|-58.5007381|-34.5497951|MOTO|MULTIPLE|1
20210075|1|2021-09-21|14:30:00|CALLE|1|-58.38281301|-34.62786038|PEATON|CARGAS|1
20210076|1|2021-10-16|06:15:00|AVENIDA|7|-58.43980799|-34.65094083|MOTO|OBJETO FIJO|0
20210077|1|2021-10-18|07:20:00|AVENIDA|6|-58.44402387|-34.62933109|MOTO|CARGAS|0
20210078|1|2021-10-23|06:35:00|AVENIDA|6|-58.42779702|-34.62207347|MOTO|PASAJEROS|1
20210079|1|2021-10-25|03:30:00|CALLE|3|-58.40944147|-34.60097942|PEATON|AUTO|0
20210080|1|2021-10-28|16:16:00|AVENIDA|1|-58.38277479|-34.5943016|MOTO|AUTO|1
20210081|1|2021-11-02|13:35:00|AUTOPISTA|4|-58.37627355|-34.63800916|MOTO|CARGAS|0
20210082|1|2021-11-06|04:39:00|AUTOPISTA|3|-58.39591856|-34.62453459|MOTO|AUTO|0
20210083|1|2021-11-09|00:35:00|AVENIDA|13|-58.45829717|-34.56015762|MOTO|AUTO|1
20210084|1|2021-11-11|03:00:00|AVENIDA|9|-58.49142611|-34.64584795|AUTO|OBJETO FIJO|1
20210085|1|2021-11-20|18:30:00|GRAL PAZ|12|-58.51271409|-34.57786555|MOTO|OBJETO FIJO|1
20210086|1|2021-11-25|10:10:00|AVENIDA|6|-58.44864864|-34.62352826|PEATON|PASAJEROS|1
20210087|1|2021-11-27|11:22:00|CALLE|1|-58.37795815|-34.59167894|PEATON|BICICLETA|0
20210088|1|2021-12-01|15:40:00|CALLE|13|-58.45531707|-34.55555257|MOTO|AUTO|1
20210089|1|2021-12-02|01:10:00|AVENIDA|11|-58.47633683|-34.62140594|MOTO|AUTO|0
20210090|1|2021-12-10|11:45:00|AVENIDA|1|-58.38188582|-34.60256036|PEATON|PASAJEROS|1
20210091|1|2021-12-11|23:00:00|CALLE|10|-58.51989389|-34.62284918|MOTO|AUTO|1
20210092|1|2021-12-12|06:20:00|AVENIDA|3|-58.4059686|-34.61011987|PEATON|AUTO|1
20210093|1|2021-12-13|17:10:00|AVENIDA|7|-58.43353773|-34.64561636|MOTO|AUTO|1
20210094|1|2021-12-20|01:10:00|AUTOPISTA|9|-58.46739825|-34.65117757|MOTO|AUTO|1
20210095|1|2021-12-30|00:43:00|AVENIDA|11|-58.47293407|-34.61984745|MOTO|CARGAS|1
20210096|1|2021-12-15|10:30:00|AVENIDA|9|-58.47066794|-34.65021673|AUTO|CARGAS|0
20210097|1|2021-11-18|06:10:00|CALLE|1|-58.37976155|-34.58679619|BICICLETA|AUTO|0
